"Conjunto","Precision","Recall","F1_Score","AP"
"Train",0.989142048371654,1,0.994541389521561,0.999999155373904
"Validation",0.807129115661263,0.913527682236769,0.857038767052884,0.896823302834006
